{"cameraMode":{"drawMode":0,"name":"Shaded","section":"Shading Mode"},"sceneLighting":true,"audioPlay":false,"sceneViewState":{"showFog":true,"showMaterialUpdate":false,"showSkybox":true,"showFlares":true,"showImageEffects":true,"showParticleSystems":true},"in2DMode":false,"pivot":{"x":83.5255126953125,"y":-133.71337890625,"z":257.9931335449219},"rotation":{"x":0.2984120845794678,"y":-0.09229718893766403,"z":0.029004042968153955,"w":0.9495278000831604},"size":453.6634521484375,"orthographic":false}