{"cameraMode":{"drawMode":0,"name":"Shaded","section":"Shading Mode"},"sceneLighting":true,"audioPlay":false,"sceneViewState":{"showFog":true,"showMaterialUpdate":false,"showSkybox":true,"showFlares":true,"showImageEffects":true,"showParticleSystems":true},"in2DMode":false,"pivot":{"x":2.7011523246765138,"y":0.5516281127929688,"z":2.2231247425079347},"rotation":{"x":0.16117337346076966,"y":0.6138783097267151,"z":-0.12988120317459107,"w":0.7617794275283814},"size":0.23227541148662568,"orthographic":false}