{"cameraMode":{"drawMode":0,"name":"Shaded","section":"Shading Mode"},"sceneLighting":true,"audioPlay":false,"sceneViewState":{"showFog":true,"showMaterialUpdate":false,"showSkybox":true,"showFlares":true,"showImageEffects":true,"showParticleSystems":true},"in2DMode":false,"pivot":{"x":2.643139362335205,"y":0.5996884107589722,"z":2.180880546569824},"rotation":{"x":0.11369401961565018,"y":0.6517978310585022,"z":-0.09971632808446884,"w":0.7431629300117493},"size":0.022355031222105027,"orthographic":false}