{"cameraMode":{"drawMode":0,"name":"Shaded","section":"Shading Mode"},"sceneLighting":true,"audioPlay":false,"sceneViewState":{"showFog":true,"showMaterialUpdate":false,"showSkybox":true,"showFlares":true,"showImageEffects":true,"showParticleSystems":true},"in2DMode":false,"pivot":{"x":3.0089645385742189,"y":0.2803574204444885,"z":2.7294223308563234},"rotation":{"x":0.39262160658836367,"y":-0.18826429545879365,"z":0.08245579153299332,"w":0.896443784236908},"size":0.06313621252775192,"orthographic":false}