{"cameraMode":{"drawMode":0,"name":"Shaded","section":"Shading Mode"},"sceneLighting":true,"audioPlay":false,"sceneViewState":{"showFog":true,"showMaterialUpdate":false,"showSkybox":true,"showFlares":true,"showImageEffects":true,"showParticleSystems":true},"in2DMode":false,"pivot":{"x":2.643376111984253,"y":0.5953487753868103,"z":2.165268898010254},"rotation":{"x":0.10328149050474167,"y":0.7220590114593506,"z":-0.11046551167964935,"w":0.6751009225845337},"size":0.023980749770998956,"orthographic":false}